type,slug,name,short_description,cover_image_url,gallery_urls,category,city,tags,moods,is_active,is_featured
place,museo-la-tertulia,Museo La Tertulia,"Museo iconico del oeste caleño para arte, cine y plan cultural tranquilo.",https://images.unsplash.com/photo-1518998053901-5348d3961a04?auto=format&fit=crop&w=1200&q=80,,Arte y cultura,Cali,"museo,arte,cultura,cine,oeste","cultura,plan tranqui,aprender",true,false
place,museo-caliwood,Museo Caliwood,Museo dedicado a la historia del cine en una casa patrimonial del oeste.,https://images.unsplash.com/photo-1489599849927-2ee91cede3ba?auto=format&fit=crop&w=1200&q=80,,Cine,Cali,"cine,museo,historia,coleccion","cultura,aprender,plan tranqui",true,false
place,zoologico-de-cali,Zoologico de Cali,"Plan familiar clasico con recorrido largo, animales y mucho verde.",https://images.unsplash.com/photo-1549366021-9f761d040a94?auto=format&fit=crop&w=1200&q=80,,Familiar,Cali,"zoologico,familia,animales,aire libre","familiar,plan de dia,caminar",true,false
place,jardin-botanico-de-cali,Jardin Botanico de Cali,Recorrido natural y educativo para bajar el ritmo en el oeste.,https://images.unsplash.com/photo-1500530855697-b586d89ba3ee?auto=format&fit=crop&w=1200&q=80,,Naturaleza y aire libre,Cali,"jardin botanico,naturaleza,plantas,recorrido","tranqui,naturaleza,aprender",true,false
place,cerro-de-las-tres-cruces,Cerro de las Tres Cruces,Caminata de mirador y ejercicio para plan temprano con vista a la ciudad.,https://images.unsplash.com/photo-1500534314209-a25ddb2bd429?auto=format&fit=crop&w=1200&q=80,,Naturaleza y aire libre,Cali,"senderismo,mirador,cerro,ejercicio","activo,plan de dia,naturaleza",true,false
place,cristo-rey,Cristo Rey,Plan de mirador y recorrido natural en uno de los iconos de Cali.,https://images.unsplash.com/photo-1511497584788-876760111969?auto=format&fit=crop&w=1200&q=80,,Naturaleza y aire libre,Cali,"mirador,iconico,cerro,oeste","activo,plan de dia,panoramico",true,false
place,callao,Callao,Rooftop bar y discoteca en el centro para noche larga con vista urbana.,https://images.unsplash.com/photo-1514525253161-7a46d19cd819?auto=format&fit=crop&w=1200&q=80,,Vida nocturna,Cali,"rooftop,discoteca,cocteles,centro","noche,fiesta,con amigos",true,false
place,la-pergola-clandestina,La Pergola Clandestina,Bar y club de terrazas para rumba y cocteles en el centro.,https://images.unsplash.com/photo-1493225457124-a3eb161ffa5f?auto=format&fit=crop&w=1200&q=80,,Vida nocturna,Cali,"bar,club,cocteles,terraza,centro","fiesta,noche,algo especial",true,false
place,cuuc,Cuuc,"Restaurante casual en Marbella Plaza con bebidas, pandebonos, pizzas y rollos.",https://images.unsplash.com/photo-1517248135467-4c7edcad34c4?auto=format&fit=crop&w=1200&q=80,,Restaurantes,Cali,"restaurante,pance,marbella,bebidas","con amigos,comer rico,algo casual",true,false
place,dos-santos-cantina,Dos Santos Cantina,Cantina moderna en Marbella Plaza para compartir platos y tragos.,https://images.unsplash.com/photo-1517248135467-4c7edcad34c4?auto=format&fit=crop&w=1200&q=80,,Restaurantes,Cali,"cantina,pance,marbella,cocteles","con amigos,comer rico,noche",true,false
place,cafe-gardenia,Cafe Gardenia,"Cafe, pasteleria y brunch para parche suave y mesa larga.",https://images.unsplash.com/photo-1495474472287-4d71bcdd2085?auto=format&fit=crop&w=1200&q=80,,Restaurantes,Cali,"cafe,brunch,pasteleria,postres,cali","cafe,tranqui,brunch",true,false
place,hoi-an-cocina-vietnamita,Hoi An Cocina Vietnamita,Cocina vietnamita con ambiente cuidado y buen parche en Pance.,https://images.unsplash.com/photo-1559847844-5315695dadae?auto=format&fit=crop&w=1200&q=80,,Restaurantes,Cali,"vietnamita,asiatico,pance,marbella","comer rico,conversar,algo especial",true,false
place,purist-cafe,Purist Cafe,Cafe de especialidad para parche suave y tarde tranquila en Pance.,https://images.unsplash.com/photo-1495474472287-4d71bcdd2085?auto=format&fit=crop&w=1200&q=80,,Restaurantes,Cali,"cafe de especialidad,pance,marbella,postres","cafe,chill,hablar",true,false
place,valle-catalina,Valle Catalina,Restaurante de ambiente vistoso para almuerzo largo o cena en Marbella.,https://images.unsplash.com/photo-1414235077428-338989a2e8c0?auto=format&fit=crop&w=1200&q=80,,Restaurantes,Cali,"restaurante,pance,marbella,cena","algo especial,comer rico,con amigos",true,false
place,el-cafe-del-sol,El Cafe del Sol,Marca de sushi y cocina variada con sedes utiles en Pance y Ciudad Jardin.,https://images.unsplash.com/photo-1552566626-52f8b828add9?auto=format&fit=crop&w=1200&q=80,,Restaurantes,Cali,"sushi,ciudad jardin,pance,comida variada","comer rico,casual,con amigos",true,false
place,taqueria-chalacas,Chacalacas,Cocina mexicana casual con varias sedes para tacos y antojos en Cali.,https://images.unsplash.com/photo-1552332386-f8dd00dc2f85?auto=format&fit=crop&w=1200&q=80,,Restaurantes,Cali,"tacos,mexicano,cali,puerto 125,granada,ciudad jardin,unicentro,pacific center,jardin plaza","casual,antojo,con amigos",true,false
place,bbc,BBC,Cerveza artesanal y cocina de bar para parche de tarde o noche.,https://images.unsplash.com/photo-1514362545857-3bc16c4c7d1b?auto=format&fit=crop&w=1200&q=80,,Vida nocturna,Cali,"cerveza artesanal,bar,cocteles,noche","con amigos,noche,casual",true,false
place,el-paso,El Paso,Hamburguesas y comida casual con varias sedes para almuerzo o noche en Cali.,https://images.unsplash.com/photo-1568901346375-23c9450c58cd?auto=format&fit=crop&w=1200&q=80,,Restaurantes,Cali,"hamburguesas,cali,puerto 125,jardin plaza,la flora,novena","casual,con amigos,comer rico",true,false
place,el-cilindro,El Cilindro,Cocina rustica y platos fuertes con varias sedes para almuerzo o cena en Cali.,https://images.unsplash.com/photo-1544025162-d76694265947?auto=format&fit=crop&w=1200&q=80,,Restaurantes,Cali,"carnes,parrilla,cali,puerto 125,granada,ciudad jardin,jardin plaza,unicentro,chipichape,parque del perro","con amigos,comer rico,casual",true,false
place,uki-fresh-food,UKI,Cocina asiatica casual con bowls y principales para comer en varias zonas de Cali.,https://images.unsplash.com/photo-1512621776951-a57141f2eefd?auto=format&fit=crop&w=1200&q=80,,Restaurantes,Cali,"asiatico,bowls,cali,granada,puerto 125,jardin plaza,pacific center,parque del perro","comer rico,casual,algo especial",true,false
place,cafe-pintado,Cafe Pintado,"Cafe, arte y postres para una pausa suave en distintas zonas de Cali.",https://images.unsplash.com/photo-1495474472287-4d71bcdd2085?auto=format&fit=crop&w=1200&q=80,,Restaurantes,Cali,"cafe,postres,arte,cali,malls","cafe,tranqui,hablar",true,false
place,cascanueces,Cascanueces,Dulce y cafe para antojo rapido con sedes en Puerto 125 y Limonar.,https://images.unsplash.com/photo-1488477181946-6428a0291777?auto=format&fit=crop&w=1200&q=80,,Restaurantes,Cali,"dulce,cafe,pance,puerto 125,limonar","antojo,tranqui,cafe",true,false
place,turk-house,Turk House,Cocina turca y bowls para comer distinto en varias zonas de Cali.,https://images.unsplash.com/photo-1540189549336-e6e99c3679fe?auto=format&fit=crop&w=1200&q=80,,Restaurantes,Cali,"turco,mediterraneo,bowls,cali,pet friendly","comer rico,algo especial,casual",true,false
place,dolce-vicolo,Dolce Vicolo,Gelato y postres artesanales para tarde suave o plan dulce.,https://images.unsplash.com/photo-1563805042-7684c019e1cb?auto=format&fit=crop&w=1200&q=80,,Restaurantes,Cali,"gelato,postres,cafe,cali","dulce,tranqui,algo especial",true,false
place,la-corte-de-la-carne,La Corte de la Carne,Carnes y platos fuertes con sedes en Puerto 125 y Granada para ir con hambre en Cali.,https://images.unsplash.com/photo-1544025162-d76694265947?auto=format&fit=crop&w=1200&q=80,,Restaurantes,Cali,"carnes,steak,pance,puerto 125,granada","comer rico,con amigos,casual",true,false
place,bomberry,Bomberry,"Fresas con crema, helados y postres para parche dulce en Puerto 125.",https://images.unsplash.com/photo-1560008581-09826d1de69e?auto=format&fit=crop&w=1200&q=80,,Restaurantes,Cali,"helado,postres,fresas con crema,pance,puerto 125","dulce,fresco,antojo",true,false
place,el-chuzo-de-nando,El Chuzo de Nando,Chuzos y comida rapida para parche casual en Pance.,https://images.unsplash.com/photo-1529193591184-b1d58069ecdd?auto=format&fit=crop&w=1200&q=80,,Restaurantes,Cali,"chuzos,comida rapida,pance,lago verde","casual,rapido,con amigos",true,false
place,mr-tenders,Mr Tenders,Chicken tenders y combos para plan facil en Lago Verde.,https://images.unsplash.com/photo-1562967916-eb82221dfb92?auto=format&fit=crop&w=1200&q=80,,Restaurantes,Cali,"pollo,tenders,pance,lago verde","casual,rapido,con amigos",true,false
place,la-propia-burger,La Propia Burger,Hamburgueseria casual para antojo y plan relajado en Pance.,https://images.unsplash.com/photo-1568901346375-23c9450c58cd?auto=format&fit=crop&w=1200&q=80,,Restaurantes,Cali,"hamburguesas,pance,lago verde,casual","antojo,casual,con amigos",true,false
place,vital-bistro,Vital Bistro,Cocina ligera y bowls para plan saludable en Lago Verde.,https://images.unsplash.com/photo-1547592180-85f173990554?auto=format&fit=crop&w=1200&q=80,,Restaurantes,Cali,"saludable,bistro,pance,lago verde","light,tranqui,comer rico",true,false
place,klub-berry-acai,Klub Berry Acai,Bowls de acai y smoothies para plan fresco en Pance.,https://images.unsplash.com/photo-1502741338009-cac2772e18bc?auto=format&fit=crop&w=1200&q=80,,Restaurantes,Cali,"acai,smoothies,pance,lago verde","light,fresco,tranqui",true,false
place,palo-mulata,Palo Mulata,Restaurante bar para comer y alargar la tarde en Lago Verde.,https://images.unsplash.com/photo-1559339352-11d035aa65de?auto=format&fit=crop&w=1200&q=80,,Restaurantes,Cali,"bar restaurante,pance,lago verde,cocteles","con amigos,noche,comer rico",true,false
place,la-botella-malecon,La Botella Malecon,Cocteleria y comida para parche de tarde y noche en Pance.,https://images.unsplash.com/photo-1470337458703-46ad1756a187?auto=format&fit=crop&w=1200&q=80,,Restaurantes,Cali,"cocteles,pance,lago verde,bar","noche,con amigos,algo especial",true,false
place,wetsunday,Wetsunday,Bar de plan social y drinks dentro del circuito de Lago Verde.,https://images.unsplash.com/photo-1514933651103-005eec06c04b?auto=format&fit=crop&w=1200&q=80,,Restaurantes,Cali,"bar,pance,lago verde,drinks","noche,fiesta,con amigos",true,false
place,cafe-viajero,El Café Viajero,Cafe para pausa suave y parche conversado en Pance.,https://images.unsplash.com/photo-1445116572660-236099ec97a0?auto=format&fit=crop&w=1200&q=80,,Restaurantes,Cali,"cafe,pance,lago verde,postres","cafe,chill,hablar",true,false
place,ultimate-padel,Ultimate Padel,Padel para jugar en parche y reservar cancha en Pance.,https://images.unsplash.com/photo-1622279457486-62dcc4a431d6?auto=format&fit=crop&w=1200&q=80,,Deporte y bienestar,Cali,"padel,deporte,pance,reservas","activo,con amigos,deporte",true,false
place,mushu,Mushu,"Bubble tea, cafe y plan dulce con sedes en Pance y Miraflores.",https://images.unsplash.com/photo-1495474472287-4d71bcdd2085?auto=format&fit=crop&w=1200&q=80,,Restaurantes,Cali,"bubble tea,cafe,pance,miraflores,dulce","cafe,tranqui,algo especial",true,false
place,el-toro-enamorao,El Toro Enamorao,Parrilla y cocina carnivora para plan de almuerzo o cena en Granada.,https://images.unsplash.com/photo-1558030006-450675393462?auto=format&fit=crop&w=1200&q=80,,Restaurantes,Cali,"parrilla,granada,carnes,almuerzo","comer rico,con amigos,casual",true,false
place,nikkei-232,Nikkei 232,Cocina nikkei para plan de sushi y piqueo en el sur.,https://images.unsplash.com/photo-1579871494447-9811cf80d66c?auto=format&fit=crop&w=1200&q=80,,Restaurantes,Cali,"nikkei,sushi,sur,aire libre","comer rico,casual,con amigos",true,false
place,chilitaco,Chilitaco,Taqueria casual y rendidora para parche relajado en el Parque del Perro.,https://images.unsplash.com/photo-1552332386-f8dd00dc2f85?auto=format&fit=crop&w=1200&q=80,,Restaurantes,Cali,"tacos,mexicano,parque del perro,san fernando","casual,comer rico,con amigos",true,false
place,sushi-green,Sushi Green,Sushi de plan casual para almuerzo o noche tranquila en el Parque del Perro.,https://images.unsplash.com/photo-1579871494447-9811cf80d66c?auto=format&fit=crop&w=1200&q=80,,Restaurantes,Cali,"sushi,parque del perro,san fernando,japones","casual,comer rico,hablar",true,false
place,cheers-pizzeria,Cheers Pizzeria,Pizzeria de parche amplio y facil para grupos en el Parque del Perro.,https://images.unsplash.com/photo-1513104890138-7c749659a591?auto=format&fit=crop&w=1200&q=80,,Restaurantes,Cali,"pizza,parque del perro,san fernando,grupos","casual,con amigos,comer rico",true,false
place,jugos-parque-del-perro,Jugos Parque del Perro,Parada simple y conocida para jugos y comida rapida en la zona.,https://images.unsplash.com/photo-1622597467836-f3285f2131b8?auto=format&fit=crop&w=1200&q=80,,Restaurantes,Cali,"jugos,comida casual,parque del perro,san fernando","casual,rapido,tranqui",true,false
place,agave-azul-cocina-bar,Agave Azul,Cocina mexicana y cocteleria de autor en Lago Verde para tardeo o noche.,https://images.unsplash.com/photo-1514933651103-005eec06c04b?auto=format&fit=crop&w=1200&q=80,,Restaurantes,Cali,"mexicano,cocteles,pance,lago verde,cena","tomar algo,con amigos,noche",true,false
place,vinciatti,Vinciatti,"Gelato italiano, tarta vasca, brownies y cafe para parche dulce en Lago Verde.",https://images.unsplash.com/photo-1563805042-7684c019e1cb?auto=format&fit=crop&w=1200&q=80,,Restaurantes,Cali,"gelato,postres,cafe,pance,lago verde","dulce,tranqui,antojo",true,false
place,renata-tacos,Renata Tacos,"Taqueria mexicana para tacos, gringas y antojo casual en Cali.",https://images.unsplash.com/photo-1552332386-f8dd00dc2f85?auto=format&fit=crop&w=1200&q=80,,Restaurantes,Cali,"tacos,mexicano,pance,lago verde,parque del perro","casual,antojo,con amigos",true,false
place,la-gaucha-angus,La Gaucha Angus,Hamburgueseria para parche casual y noche ligera en Lago Verde.,https://images.unsplash.com/photo-1568901346375-23c9450c58cd?auto=format&fit=crop&w=1200&q=80,,Restaurantes,Cali,"hamburguesa,pance,lago verde,casual","casual,con amigos,comer rico",true,false
place,panaderia-le-croissant,Le Croissant,"Panaderia y desayunos para cafe, antojo salado y parche suave en Lago Verde.",https://images.unsplash.com/photo-1509440159596-0249088772ff?auto=format&fit=crop&w=1200&q=80,,Restaurantes,Cali,"panaderia,cafe,desayuno,pance,lago verde","cafe,desayuno,tranqui",true,false
place,cafe-milagro-de-junio,Milagro de Junio,"Cafe de especialidad para brunch, bebidas y parche suave dentro de Lago Verde.",https://images.unsplash.com/photo-1495474472287-4d71bcdd2085?auto=format&fit=crop&w=1200&q=80,,Restaurantes,Cali,"cafe,brunch,pance,lago verde,desayuno","cafe,tranqui,hablar",true,false
place,artesapan-gourmet,Artesapan Gourmet,"Panaderia y cafe para desayunos, hojaldres y bebidas en Lago Verde.",https://images.unsplash.com/photo-1509440159596-0249088772ff?auto=format&fit=crop&w=1200&q=80,,Restaurantes,Cali,"panaderia,cafe,pance,lago verde","desayuno,tranqui,cafe",true,false
place,nami-reposteria,Nami Reposteria,Postres y pavlovas para parche dulce en Lago Verde.,https://images.unsplash.com/photo-1488477181946-6428a0291777?auto=format&fit=crop&w=1200&q=80,,Restaurantes,Cali,"postres,pavlova,pance,lago verde","dulce,antojo,algo especial",true,false
place,rainbow-bakery,Rainbow Bakery,"Bakery de galletas, brownies y antojos dulces en Lago Verde.",https://images.unsplash.com/photo-1555507036-ab1f4038808a?auto=format&fit=crop&w=1200&q=80,,Restaurantes,Cali,"bakery,postres,galletas,pance,lago verde","dulce,antojo,casual",true,false
place,t4,T4,Bebidas a base de te y plan fresco para tardear en Cali.,https://images.unsplash.com/photo-1515823064-d6e0c04616a7?auto=format&fit=crop&w=1200&q=80,,Restaurantes,Cali,"te,bubble tea,bebidas,pance,lago verde,mallplaza","fresco,antojo,casual",true,false
place,maranello,Maranello,"Pasta casual con sedes en Parque del Perro y Jardin Plaza para antojo italiano y comida rica en Cali.",https://images.unsplash.com/photo-1621996346565-e3dbc646d9a9?auto=format&fit=crop&w=1200&q=80,,Restaurantes,Cali,"pasta,italiano,cali,parque del perro,jardin plaza","comer rico,casual,con amigos",true,false
