row_type,spot_id,branch_id,spot_slug,branch_slug,name,short_description,category,city,likes,spot_is_active,is_featured,neighborhood,mall,hours,address,min_budget,max_people,menu_url,whatsapp,phone,instagram,latitude,longitude,branch_is_active,sort_order
place,3,,casa-banana-granada,,Casa Bananá,"Bakery y brunch para cafe, postres y antojo dulce con sedes en Granada y Puerto 125.",Restaurantes,Cali,0,true,false,,,,,,,,,,,,,
branch,3,6,casa-banana-granada,casa-banana-granada,,,,,,,,Granada,,Lun-Dom 09:00:00-20:00:00 · Festivos 09:00:00-20:00:00,"Avenida 9N #12N-10, Granada, Cali, Valle del Cauca, Colombia",18000,6,,,,,3.4604,-76.5351,true,0
branch,3,5,casa-banana-granada,casa-banana-puerto-125,,,,,,,,Pance,Puerto 125,Lun-Dom 09:00:00-20:00:00,"Puerto 125 local 2, Pance, Cali, Valle del Cauca, Colombia",18000,6,,,,,3.3379,-76.5432,true,1
place,6,,la-corteza,,La Corteza,"Un rincón en Granada que huele a mantequilla y masa recién horneada. Perfecto para darte un gusto, sentarte sin afán y dejar que un buen postre te arregle el día.",Restaurantes,Cali,0,true,true,,,,,,,,,,,,,
branch,6,10,la-corteza,la-corteza,,,,,,,,Peñón,,Lun-Sab 08:00:00-20:00:00 · Dom 08:00:00-19:00:00 · Festivos 08:00:00-19:00:00,"Av. 9ª A Nte. #14N - 51, Santa Monica Residential, Cali, Valle del Cauca",40000,6,https://menupp.co/lacorteza,https://api.whatsapp.com/send?phone=573173278616,,https://www.instagram.com/lacortezabakery/,3.4597912,-76.5350992,true,0
place,10,,izumi,,Izumi,Restaurante japones y de sushi en Granada.,Restaurantes,Cali,0,true,false,,,,,,,,,,,,,
branch,10,16,izumi,izumi-granada,,,,,,,,Granada,,Lun-Mie 12:00-22:00 · Jue-Sab 12:00-00:00 · Dom 12:00-22:00,"Av. 9 Nte. #17 Norte-11, Granada, Cali",0,1,,https://wa.me/573012019527,,,,,true,10
place,11,,loco-por-ti,,Loco Por Ti,"Cafe, panaderia y restaurante en El Peñon.",Restaurantes,Cali,0,true,false,,,,,,,,,,,,,
branch,11,17,loco-por-ti,loco-por-ti-el-penon,,,,,,,,El Peñon,,,"Calle 3 Oeste #1-80, El Peñon, Cali",0,1,,,,,,,true,10
place,12,,mantra-coffee-club,,Mantra Coffee Club,Cafe de especialidad y brunch en el norte de Cali.,Restaurantes,Cali,0,true,false,,,,,,,,,,,,,
branch,12,18,mantra-coffee-club,mantra-coffee-club-granada,,,,,,,,Granada,,Mar-Dom 08:30-20:00 · Lun Cerrado,"Av. 9A Nte. #10N-22, Primer piso, Granada, Cali",19900,1,https://mantracoffeeclub.com/,https://wa.me/573151595600,,https://instagram.com/mantracoffee__/,,,true,10
place,13,,luci-bakery,,Luci Bakery,"Bakery y brunch en Ciudad Jardin, Solaz Plaza.",Restaurantes,Cali,0,true,false,,,,,,,,,,,,,
branch,13,19,luci-bakery,luci-bakery-ciudad-jardin,,,,,,,,Ciudad Jardin,Solaz Plaza,Mar-Mie 07:30-19:30 · Jue 07:30-20:30 · Vie 07:30-21:30 · Sab 08:00-21:30 · Dom 08:00-15:30,"Calle 15A #104-25, Solaz Plaza, Ciudad Jardin, Cali",0,1,https://www.lucibakery.com/,https://wa.me/573044226603,,https://instagram.com/lucibakery/,,,true,10
place,14,,casa-cantera,,Casa Cantera,Restaurante mexicano en Granada.,Restaurantes,Cali,0,true,false,,,,,,,,,,,,,
branch,14,20,casa-cantera,casa-cantera-granada,,,,,,,,Granada,,Dom 09:00-19:00 · Lun Cerrado · Mar-Vie 15:00-23:00 · Sab 09:00-23:00,"Cl. 14 Nte. #8-61, Granada, Cali",40000,1,,https://wa.me/573188246981,,https://instagram.com/casa.cantera/,,,true,10
place,16,,lakasia,,Lakasia,Restaurante coreano y asiatico en El Peñon.,Restaurantes,Cali,0,true,false,,,,,,,,,,,,,
branch,16,22,lakasia,lakasia-el-penon,,,,,,,,El Peñon,,Lun-Mie 12:00-15:00 / 18:00-22:00 · Jue 12:00-15:00 / 18:00-22:00 · Vie 12:00-15:00 / 18:00-23:00 · Sab 12:00-23:00 · Dom 12:00-21:00,"Cl. 4 Oe. #3A-32, El Peñon, Cali",0,1,https://menupp.co/,https://wa.me/573160179277,,https://instagram.com/lakasiakoreanhouse/,,,true,10
place,17,,museo-la-tertulia,,Museo La Tertulia,"Museo iconico del oeste caleño para arte, cine y plan cultural tranquilo.",Arte y cultura,Cali,0,true,false,,,,,,,,,,,,,
branch,17,23,museo-la-tertulia,museo-la-tertulia-el-penon,,,,,,,,El Peñon,,Mar-Sab 10:00-19:00 · Dom 14:00-18:00,"Oeste, Cra. 1 #5-105, Cali, Valle del Cauca, Colombia",0,4,https://www.museolatertulia.com/,,,https://instagram.com/museolatertulia/,3.4502809,-76.5453033,true,10
place,18,,museo-caliwood,,Museo Caliwood,Museo dedicado a la historia del cine en una casa patrimonial del oeste.,Cine,Cali,0,true,false,,,,,,,,,,,,,
branch,18,24,museo-caliwood,museo-caliwood-arboleda,,,,,,,,Arboleda,,Lun-Vie 08:00-12:00 / 14:00-18:00 · Sab 15:00-18:00 · Dom 10:00-17:00,"Avenida Belalcazar (Carrera 2 oeste) #5-A-55 oeste, Cali, Valle del Cauca, Colombia",20000,4,https://www.caliwood.com.co,https://wa.me/573104732282,,https://instagram.com/museocaliwood/,3.4519164,-76.5479736,true,10
place,19,,zoologico-de-cali,,Zoologico de Cali,"Plan familiar clasico con recorrido largo, animales y mucho verde.",Familiar,Cali,0,true,false,,,,,,,,,,,,,
branch,19,25,zoologico-de-cali,zoologico-de-cali-oeste,,,,,,,,Oeste,,Lun-Dom 09:00-16:30,"Carrera 2A Oeste, Bosque Municipal, Cali",27500,6,https://www.zoologicodecali.com.co/visita,,,https://instagram.com/zoologicodecali/,3.447656,-76.5569281,true,10
place,20,,jardin-botanico-de-cali,,Jardin Botanico de Cali,Recorrido natural y educativo para bajar el ritmo en el oeste.,Naturaleza y aire libre,Cali,0,true,false,,,,,,,,,,,,,
branch,20,26,jardin-botanico-de-cali,jardin-botanico-de-cali-santa-teresita,,,,,,,,Arboledas Santa Teresita,,Recorridos y visitas con horario variable,"Carrera 2A Oeste, Arboledas Santa Teresita, Cali",15000,6,https://www.jardinbotanicodecali.com.co/,https://wa.me/573189420388,,,3.4482177,-76.5447782,true,10
place,21,,cerro-de-las-tres-cruces,,Cerro de las Tres Cruces,Caminata de mirador y ejercicio para plan temprano con vista a la ciudad.,Naturaleza y aire libre,Cali,0,true,false,,,,,,,,,,,,,
branch,21,27,cerro-de-las-tres-cruces,cerro-de-las-tres-cruces-oeste,,,,,,,,Oeste,,Plan temprano; acceso controlado segun operacion,"Ingreso por el sector de Chipichape, Cali",0,6,,,,,,,true,10
place,22,,cristo-rey,,Cristo Rey,Plan de mirador y recorrido natural en uno de los iconos de Cali.,Naturaleza y aire libre,Cali,0,true,false,,,,,,,,,,,,,
branch,22,28,cristo-rey,cristo-rey-los-cristales,,,,,,,,Los Cristales,,Turnos 09:00 / 12:00 / 15:00 con registro,"Cerro Los Cristales, Cali",0,6,,,,,3.435543,-76.5647279,true,10
place,24,,callao,,Callao,Rooftop bar y discoteca en el centro para noche larga con vista urbana.,Vida nocturna,Cali,0,true,false,,,,,,,,,,,,,
branch,24,30,callao,callao-centro,,,,,,,,Centro,Hotel Aristi,,"Cra. 9 #10-04, COMUNA 3, Cali, Valle del Cauca, Colombia",0,8,,,,,3.4477222,-76.5335305,true,10
place,25,,la-pergola-clandestina,,La Pergola Clandestina,Bar y club de terrazas para rumba y cocteles en el centro.,Vida nocturna,Cali,0,true,false,,,,,,,,,,,,,
branch,25,31,la-pergola-clandestina,la-pergola-clandestina-centro,,,,,,,,Centro,,Mar-Mie 16:00-01:00 · Jue-Sab 16:00-03:00 · Dom 14:00-01:00,"Cra. 1 #13 - 42, San Pedro, Cali, Valle del Cauca, Colombia",100000,8,https://lapergola.co/,https://wa.me/573245962005,,https://instagram.com/lapergolaclandestina/,3.4530013,-76.5342106,true,10
place,26,,dos-santos-cantina,,Dos Santos Cantina,Cantina moderna en Marbella Plaza para compartir platos y tragos.,Restaurantes,Cali,0,true,false,,,,,,,,,,,,,
branch,26,32,dos-santos-cantina,dos-santos-cantina-marbella-plaza,,,,,,,,Pance,Marbella Plaza,,"Cl. 16A #122-31, Marbella Plaza, Pance, Cali",35000,6,,,,,3.339362,-76.5355632,true,10
place,27,,hoi-an-cocina-vietnamita,,Hoi An Cocina Vietnamita,Cocina vietnamita con ambiente cuidado y buen parche en Pance.,Restaurantes,Cali,0,true,false,,,,,,,,,,,,,
branch,27,33,hoi-an-cocina-vietnamita,hoi-an-cocina-vietnamita-marbella-plaza,,,,,,,,Pance,Marbella Plaza,Lun-Jue 12:00-22:00 · Vie-Sab 12:00-23:00 · Dom 12:00-21:00,"Calle 16A #122-31, Marbella Plaza, Local 8, Pance, Cali",35000,6,https://www.hoianrestaurante.com/carta.html,https://wa.me/573174329563,,,3.339362,-76.5355632,true,10
place,28,,purist-cafe,,Purist Cafe,Cafe de especialidad para parche suave y tarde tranquila en Pance.,Restaurantes,Cali,0,true,false,,,,,,,,,,,,,
branch,28,34,purist-cafe,purist-cafe-marbella-plaza,,,,,,,,Pance,Marbella Plaza,Lun-Dom 14:00-20:30,"Calle 16A #122-31, Marbella Plaza, Pance, Cali",12000,4,https://puristcafe.co/blogs/blog/donde-tomar-un-cafe-en-cali,https://wa.me/573108272156,,https://instagram.com/puristcafe/,3.339362,-76.5355632,true,10
place,29,,valle-catalina,,Valle Catalina,Restaurante de ambiente vistoso para almuerzo largo o cena en Marbella.,Restaurantes,Cali,0,true,false,,,,,,,,,,,,,
branch,29,35,valle-catalina,valle-catalina-marbella-plaza,,,,,,,,Pance,Marbella Plaza,Lun-Mie 12:00-22:00 · Jue 12:00-22:30 · Vie-Sab 12:00-23:00,"Calle 16A #122-31, Marbella Plaza, Pance-Cali",45000,6,https://bit.ly/vallecatalinarestaurante,https://wa.link/hp63j2,,,3.339362,-76.5355632,true,10
place,30,,el-cafe-del-sol,,El Cafe del Sol,Marca de sushi y cocina variada con sedes utiles en Pance y Ciudad Jardin.,Restaurantes,Cali,0,true,false,,,,,,,,,,,,,
branch,30,36,el-cafe-del-sol,el-cafe-del-sol-lago-verde,,,,,,,,Pance,Lago Verde,Lun-Jue 12:00-22:00 · Vie-Sab 12:00-23:00 · Dom 12:00-22:00,"Cl. 16A #122-70, Lago Verde, Pance, Cali",40000,6,,,,,3.3452491,-76.5344544,true,10
branch,30,37,el-cafe-del-sol,el-cafe-del-sol-ciudad-jardin,,,,,,,,Ciudad Jardin,Palmas Mall,Lun-Dom 12:00-22:00,"Cra. 105 #15-09, Ciudad Jardín, Cali, Valle del Cauca, Colombia",40000,6,,,,,3.3642912,-76.5341899,true,20
place,31,,el-toro-enamorao,,El Toro Enamorao,Parrilla y cocina carnivora para plan de almuerzo o cena en Granada.,Restaurantes,Cali,0,true,false,,,,,,,,,,,,,
branch,31,38,el-toro-enamorao,el-toro-enamorao-granada,,,,,,,,Granada,,Lun-Mie 12:00-22:00 · Jue 12:00-23:00 · Vie-Sab 12:00-00:00 · Dom 12:00-17:00,"Cl. 17 Nte. #9-38, Granada, Cali",0,6,,https://wa.me/573160276332,,https://instagram.com/eltoroenamorao/,,,true,10
place,33,,nikkei-232,,Nikkei 232,Cocina nikkei para plan de sushi y piqueo en el sur.,Restaurantes,Cali,0,true,false,,,,,,,,,,,,,
branch,33,40,nikkei-232,nikkei-232-el-parque,,,,,,,,Ciudad Jardin,El Parque - Cocina al aire libre,Lun-Mie 11:30-18:00 · Jue-Sab 11:30-19:00 · Dom 11:30-18:00,"Cra. 111 #18-71, Cañasgordas, Cali, Valle del Cauca, Colombia",24000,6,,https://wa.me/573177819553,,,3.3584558,-76.5301969,true,10
place,35,,chilitaco,,Chilitaco,Taqueria casual y rendidora para parche relajado en el Parque del Perro.,Restaurantes,Cali,0,true,false,,,,,,,,,,,,,
branch,35,42,chilitaco,chilitaco-parque-del-perro,,,,,,,,San Fernando,Parque del Perro,Lun-Dom 11:15-22:00,"Calle 4 #34-10, Parque del Perro, Cali",18000,4,https://www.chilitaco.com.co/,https://wa.me/573243956630,,,,,true,10
branch,35,66,chilitaco,chilitaco-pance,,,,,,,,Pance,Lago Verde,Lun-Dom 11:15-22:00,"Cl. 16A #122-70, Lago Verde, Pance, Cali",18000,4,https://www.chilitaco.com.co/,https://wa.me/573243956630,,,3.3452491,-76.5344544,true,20
place,36,,sushi-green,,Sushi Green,Sushi de plan casual para almuerzo o noche tranquila en el Parque del Perro.,Restaurantes,Cali,0,true,false,,,,,,,,,,,,,
branch,36,43,sushi-green,sushi-green-parque-del-perro,,,,,,,,San Fernando,Parque del Perro,Lun-Jue 12:00-22:00 · Vie-Sab 12:00-00:00 · Dom 12:00-22:00,"Cra. 34 #3A-87, Parque del Perro, Cali",25000,4,https://www.sushigreen.com.co/,,,,,,true,10
branch,36,126,sushi-green,sushi-green-puerto-125,,,,,,,,Pance,Puerto 125,,"Carrera 125 con Calle 16A, Puerto 125, Pance, Cali",25000,4,https://www.sushigreen.com.co/,,,,3.3382619,-76.5351225,true,20
branch,36,127,sushi-green,sushi-green-jardin-plaza,,,,,,,,Ciudad Jardin,Jardin Plaza,Lun-Jue 11:45-20:45 · Vie-Sab 11:45-21:45 · Dom 11:45-19:30,"Cl. 16, Comuna 17, Cali, Valle del Cauca, Colombia",25000,4,https://www.sushigreen.com.co/,,,,3.3807018,-76.528725,true,30
branch,36,128,sushi-green,sushi-green-pacific-center,,,,,,,,Versalles,Pacific Center,,"Zona Chipichape, Cl. 36 Nte. # 6A - 65, Santa Monica Residential, Cali, Valle del Cauca, Colombia",25000,4,https://www.sushigreen.com.co/,,,,3.4745539,-76.5280984,true,40
place,37,,cheers-pizzeria,,Cheers Pizzeria,Pizzeria de parche amplio y facil para grupos en el Parque del Perro.,Restaurantes,Cali,0,true,false,,,,,,,,,,,,,
branch,37,44,cheers-pizzeria,cheers-pizzeria-parque-del-perro,,,,,,,,San Fernando,Parque del Perro,Lun-Mie 12:00-22:30 · Jue 12:00-23:00 · Vie-Sab 12:00-23:30 · Dom 12:00-22:30,"Carrera 34 #3A-48, Parque del Perro, Cali",22000,6,,https://wa.me/576023451827,,,,,true,10
place,39,,jugos-parque-del-perro,,Jugos Parque del Perro,Parada simple y conocida para jugos y comida rapida en la zona.,Restaurantes,Cali,0,true,false,,,,,,,,,,,,,
branch,39,46,jugos-parque-del-perro,jugos-parque-del-perro-san-fernando,,,,,,,,San Fernando,Parque del Perro,,"Cra. 34 #3A-20, Parque del Perro, Cali",12000,4,,https://wa.me/573057841195,,,,,true,10
place,75,,el-chuzo-de-nando,,El Chuzo de Nando,Chuzos y comida rapida para parche casual en Pance.,Restaurantes,Cali,0,true,false,,,,,,,,,,,,,
branch,75,84,el-chuzo-de-nando,el-chuzo-de-nando-lago-verde,,,,,,,,Pance,Lago Verde,,"Cl. 16A #122-70, Lago Verde, Pance, Cali",22000,4,,,,,3.3452491,-76.5344544,true,10
place,76,,mr-tenders,,Mr Tenders,Chicken tenders y combos para plan facil en Lago Verde.,Restaurantes,Cali,0,true,false,,,,,,,,,,,,,
branch,76,85,mr-tenders,mr-tenders-lago-verde,,,,,,,,Pance,Lago Verde,,"Cl. 16A #122-70, Lago Verde, Pance, Cali",24000,4,,,,,3.3452491,-76.5344544,true,10
place,77,,la-propia-burger,,La Propia Burger,Hamburgueseria casual para antojo y plan relajado en Pance.,Restaurantes,Cali,0,true,false,,,,,,,,,,,,,
branch,77,86,la-propia-burger,la-propia-burger-lago-verde,,,,,,,,Pance,Lago Verde,,"Cl. 16A #122-70, Lago Verde, Pance, Cali",26000,4,,,,,3.3452491,-76.5344544,true,10
place,78,,vital-bistro,,Vital Bistro,Cocina ligera y bowls para plan saludable en Lago Verde.,Restaurantes,Cali,0,true,false,,,,,,,,,,,,,
branch,78,87,vital-bistro,vital-bistro-lago-verde,,,,,,,,Pance,Lago Verde,Lun-Dom 08:30-22:00,"Cl. 16A #122-70, Lago Verde, Pance, Cali",22000,4,,,,,3.3452491,-76.5344544,true,10
place,79,,klub-berry-acai,,Klub Berry Acai,Bowls de acai y smoothies para plan fresco en Pance.,Restaurantes,Cali,0,true,false,,,,,,,,,,,,,
branch,79,88,klub-berry-acai,klub-berry-acai-lago-verde,,,,,,,,Pance,Lago Verde,,"Cl. 16A #122-70, Lago Verde, Pance, Cali",18000,4,,,,,3.3452491,-76.5344544,true,10
place,80,,palo-mulata,,Palo Mulata,Restaurante bar para comer y alargar la tarde en Lago Verde.,Restaurantes,Cali,0,true,false,,,,,,,,,,,,,
branch,80,89,palo-mulata,palo-mulata-lago-verde,,,,,,,,Pance,Lago Verde,,"Cl. 16A #122-70, Lago Verde, Pance, Cali",35000,6,,,,,3.3452491,-76.5344544,true,10
place,81,,la-botella-malecon,,La Botella Malecon,Cocteleria y comida para parche de tarde y noche en Pance.,Restaurantes,Cali,0,true,false,,,,,,,,,,,,,
branch,81,90,la-botella-malecon,la-botella-malecon-lago-verde,,,,,,,,Pance,Lago Verde,,"Cl. 16A #122-70, Lago Verde, Pance, Cali",35000,6,,,,,3.3452491,-76.5344544,true,10
place,82,,wetsunday,,Wetsunday,Bar de plan social y drinks dentro del circuito de Lago Verde.,Restaurantes,Cali,0,true,false,,,,,,,,,,,,,
branch,82,91,wetsunday,wetsunday-lago-verde,,,,,,,,Pance,Lago Verde,,"Cl. 16A #122-70, Lago Verde, Pance, Cali",30000,6,,,,,3.3452491,-76.5344544,true,10
place,83,,cafe-viajero,,El Café Viajero,Cafe para pausa suave y parche conversado en Pance.,Restaurantes,Cali,0,true,false,,,,,,,,,,,,,
branch,83,92,cafe-viajero,cafe-viajero-lago-verde,,,,,,,,Pance,Lago Verde,Lun-Jue 12:00-21:30 · Vie-Sab 09:00-23:00 · Dom-Fest 09:00-21:30,"Cl. 16A #122-70, Lago Verde, Pance, Cali",12000,4,,,,https://instagram.com/elcafeviajero.co/,3.3452491,-76.5344544,true,10
branch,83,1233,cafe-viajero,cafe-viajero-ultimate-padel,,,,,,,,Pance,Ultimate Padel,,"Cra. 125 #19-59, Pance, Cali",12000,4,,,,https://instagram.com/elcafeviajero.co/,3.3355739,-76.5508478,true,20
place,84,,mushu,,Mushu,Cafe y plan dulce con vista al lago dentro de Lago Verde.,Restaurantes,Cali,0,true,false,,,,,,,,,,,,,
branch,84,93,mushu,mushu-lago-verde,,,,,,,,Pance,Lago Verde,,"Cl. 16A #122-70, Lago Verde, Pance, Cali",14000,4,,,,,3.3452491,-76.5344544,true,10
place,107,,taqueria-chalacas,,Taqueria Chalacas,Tacos y antojos mexicanos para plan casual en Puerto 125.,Restaurantes,Cali,0,true,false,,,,,,,,,,,,,
branch,107,118,taqueria-chalacas,taqueria-chalacas-puerto-125,,,,,,,,Pance,Puerto 125,,"Carrera 125 con Calle 16A, Puerto 125, Pance, Cali",22000,4,,,,,3.3382619,-76.5351225,true,10
place,108,,bbc,,BBC,Cerveza artesanal y cocina de bar para parche de tarde o noche.,Vida nocturna,Cali,0,true,false,,,,,,,,,,,,,
branch,108,119,bbc,bbc-puerto-125,,,,,,,,Pance,Puerto 125,Lun 16:00-22:00 · Mar-Mie 16:00-23:00 · Jue 16:00-00:00 · Vie-Sab 16:00-01:00 · Dom 12:00-21:00,"Calle 16A #124-285, Local 35, Pance, Cali, Valle del Cauca",15000,6,https://tienda.bbccerveceria.com,,316 7362331,,3.3382619,-76.5351225,true,10
branch,108,222,bbc,bbc-ciudad-jardin,,,,,,,,Ciudad Jardin,El Parque - Cocina al aire libre,Lun-Jue 16:00-00:00 · Vie-Sab 16:00-02:00 · Dom 16:00-00:00,"Cra. 105 #15-09, Ciudad Jardín, Cali, Valle del Cauca, Colombia",15000,6,,,(602) 3481130,,3.3642912,-76.5341899,true,20
branch,108,275,bbc,bbc-granada,,,,,,,,Granada,,Lun-Mie 16:00-00:00 · Jue 16:00-01:00 · Vie-Sab 16:00-03:00 · Dom 16:00-23:00,"Av. 9 Nte. #14-29, Granada, Cali, Valle del Cauca",15000,6,https://tienda.bbccerveceria.com,,316 7362349,,,,true,30
place,109,,la-dulceria,,La Dulceria,Postres y dulces para cerrar la vuelta con algo rico.,Restaurantes,Cali,0,true,false,,,,,,,,,,,,,
branch,109,120,la-dulceria,la-dulceria-puerto-125,,,,,,,,Pance,Puerto 125,,"Carrera 125 con Calle 16A, Puerto 125, Pance, Cali",12000,4,,,,,3.3382619,-76.5351225,true,10
place,110,,el-paso,,El Paso,Cocina casual para almuerzo y noche en el corredor sur de Cali.,Restaurantes,Cali,0,true,false,,,,,,,,,,,,,
branch,110,121,el-paso,el-paso-puerto-125,,,,,,,,Pance,Puerto 125,,"Carrera 125 con Calle 16A, Puerto 125, Pance, Cali",28000,6,,,,,3.3382619,-76.5351225,true,10
place,111,,el-cilindro,,El Cilindro,Carnes y platos contundentes para parche de grupo en Puerto 125.,Restaurantes,Cali,0,true,false,,,,,,,,,,,,,
branch,111,122,el-cilindro,el-cilindro-puerto-125,,,,,,,,Pance,Puerto 125,,"Carrera 125 con Calle 16A, Puerto 125, Pance, Cali",32000,6,,,,,3.3382619,-76.5351225,true,10
place,112,,uki-fresh-food,,Uki Fresh Food,Comida fresca y ligera para almuerzo en Pance.,Restaurantes,Cali,0,true,false,,,,,,,,,,,,,
branch,112,123,uki-fresh-food,uki-fresh-food-puerto-125,,,,,,,,Pance,Puerto 125,,"Carrera 125 con Calle 16A, Puerto 125, Pance, Cali",22000,4,,,,,3.3382619,-76.5351225,true,10
place,113,,cafe-pintado,,Cafe Pintado,"Cafe, arte y postres para una pausa suave en distintas zonas de Cali.",Restaurantes,Cali,0,true,false,,,,,,,,,,,,,
branch,113,124,cafe-pintado,cafe-pintado-puerto-125,,,,,,,,Pance,Puerto 125,Lun-Vie 13:30-21:00 · Sab-Dom-Fest 11:00-22:00,"Carrera 125 con Calle 16A, Puerto 125, Pance, Cali",10000,4,https://heyzine.com/flip-book/391a0570bc.html?utm_source=ig&utm_medium=social&utm_content=link_in_bio&fbclid=PAZXh0bgNhZW0CMTEAc3J0YwZhcHBfaWQMMjU2MjgxMDQwNTU4AAGnwJ_cKbMYDtLhnLmi3bIcRGrAAMnVy7Vjn2BYeBUXsYxqBcrZF6TzYUu9VlY_aem_fSuz2pR0yOT4K_VrO6D0XA,,,https://instagram.com/cafepintado/,3.3382619,-76.5351225,true,10
branch,113,975,cafe-pintado,cafe-pintado-pacific-mall,,,,,,,,Norte,Pacific Mall,Lun-Vie 13:30-21:00 · Sab-Dom-Fest 11:00-22:00,"Pacific Mall, Norte, Cali",10000,4,https://heyzine.com/flip-book/391a0570bc.html?utm_source=ig&utm_medium=social&utm_content=link_in_bio&fbclid=PAZXh0bgNhZW0CMTEAc3J0YwZhcHBfaWQMMjU2MjgxMDQwNTU4AAGnwJ_cKbMYDtLhnLmi3bIcRGrAAMnVy7Vjn2BYeBUXsYxqBcrZF6TzYUu9VlY_aem_fSuz2pR0yOT4K_VrO6D0XA,,,https://instagram.com/cafepintado/,3.4742596,-76.528006,true,20
branch,113,976,cafe-pintado,cafe-pintado-unicentro,,,,,,,,Sur,Unicentro,Lun-Vie 13:30-21:00 · Sab-Dom-Fest 11:00-22:00,"Unicentro, Cali",10000,4,https://heyzine.com/flip-book/391a0570bc.html?utm_source=ig&utm_medium=social&utm_content=link_in_bio&fbclid=PAZXh0bgNhZW0CMTEAc3J0YwZhcHBfaWQMMjU2MjgxMDQwNTU4AAGnwJ_cKbMYDtLhnLmi3bIcRGrAAMnVy7Vjn2BYeBUXsYxqBcrZF6TzYUu9VlY_aem_fSuz2pR0yOT4K_VrO6D0XA,,,https://instagram.com/cafepintado/,3.377182,-76.5394405,true,30
branch,113,977,cafe-pintado,cafe-pintado-mallplaza,,,,,,,,Sur,Mallplaza,Lun-Vie 13:30-21:00 · Sab-Dom-Fest 11:00-22:00,"Mallplaza, Sur, Cali",10000,4,https://heyzine.com/flip-book/391a0570bc.html?utm_source=ig&utm_medium=social&utm_content=link_in_bio&fbclid=PAZXh0bgNhZW0CMTEAc3J0YwZhcHBfaWQMMjU2MjgxMDQwNTU4AAGnwJ_cKbMYDtLhnLmi3bIcRGrAAMnVy7Vjn2BYeBUXsYxqBcrZF6TzYUu9VlY_aem_fSuz2pR0yOT4K_VrO6D0XA,,,https://instagram.com/cafepintado/,3.4126349,-76.5487125,true,40
place,114,,cascanueces,,Cascanueces,Dulce y cafe para antojo rapido dentro de Puerto 125.,Restaurantes,Cali,0,true,false,,,,,,,,,,,,,
branch,114,125,cascanueces,cascanueces-puerto-125,,,,,,,,Pance,Puerto 125,,"Carrera 125 con Calle 16A, Puerto 125, Pance, Cali",12000,4,,,,,3.3382619,-76.5351225,true,10
place,115,,turk-house,,Turk House,Cocina turca y bowls para comer distinto en varias zonas de Cali.,Restaurantes,Cali,0,true,false,,,,,,,,,,,,,
branch,115,129,turk-house,turk-house-puerto-125,,,,,,,,Pance,Puerto 125,,"Carrera 125 con Calle 16A, Puerto 125, Pance, Cali",28000,4,,https://wa.me/573024190012,,,3.3382619,-76.5351225,true,10
branch,115,130,turk-house,turk-house-unico-outlet,,,,,,,,La Flora,Unico Outlet,,"Cl. 52 #3-29, Comuna 5, Cali, Valle del Cauca",28000,4,,https://wa.me/573024190012,,,3.4650348,-76.5002376,true,20
branch,115,131,turk-house,turk-house-jardin-plaza,,,,,,,,Ciudad Jardin,Jardin Plaza,,"Cl. 16, Comuna 17, Cali, Valle del Cauca, Colombia",28000,4,,https://wa.me/573024190012,,,3.3807018,-76.528725,true,30
place,116,,dolce-vicolo,,Dolce Vicolo,Gelato y postres artesanales para tarde suave o plan dulce.,Restaurantes,Cali,0,true,false,,,,,,,,,,,,,
branch,116,132,dolce-vicolo,dolce-vicolo-puerto-125,,,,,,,,Pance,Puerto 125,,"Carrera 125 con Calle 16A, Puerto 125, Pance, Cali",14000,4,,,,,3.3382619,-76.5351225,true,10
branch,116,133,dolce-vicolo,dolce-vicolo-norte,,,,,,,,Santa Monica Residencial,,Dom-Jue 13:00-20:00 · Vie-Sab 13:00-22:30,"Avenida 9 Norte #15AN-56, Cali",14000,4,,,,,,,true,20
place,117,,la-corte-de-la-carne,,La Corte de la Carne,Carnes y platos fuertes con sedes en Puerto 125 y Granada para ir con hambre en Cali.,Restaurantes,Cali,0,true,false,,,,,,,,,,,,,
branch,117,134,la-corte-de-la-carne,la-corte-de-la-carne-puerto-125,,,,,,,,Pance,Puerto 125,Lun-Jue 12:00-21:00 · Vie-Sab 12:00-23:00 · Dom 12:00-21:00,"Cra 125, Av. La Maria, Puerto 125, Pance, Cali, Valle del Cauca",42000,6,https://menupp.co/lacortedelacarne/venue/Se8ZMLbcnmTwi25FHHgg/menu/eb4f0299-b827-4169-b175-a2261bd595b2,,,https://instagram.com/lacortedelacarne/,3.3382619,-76.5351225,true,10
branch,117,3493,la-corte-de-la-carne,la-corte-de-la-carne-granada,,,,,,,,Granada,,Lun-Jue 12:00-21:30 · Vie-Sab 12:00-23:00 · Dom 12:00-21:00,"Av. 9Norte # 9N-10, Granada, Cali, Valle del Cauca",42000,6,https://menupp.co/lacortedelacarne/venue/TbfsroNyBU0WkhX8OstY/menu/96b1ec35-e7e5-4a34-a9db-3fae75007c31,,3117249879,https://instagram.com/lacortedelacarne/,,,true,10
place,119,,bomberry,,Bomberry,"Fresas con crema, helados y postres para parche dulce en Puerto 125.",Restaurantes,Cali,0,true,false,,,,,,,,,,,,,
branch,119,136,bomberry,bomberry-puerto-125,,,,,,,,Pance,Puerto 125,Lun-Mie 15:00-21:00 · Jue 15:00-22:00 · Vie 15:00-22:30 · Sab 14:30-23:00 · Dom 14:00-21:00,"Zona comercial Puerto 125, Cra 125 con Cl. 16A, Pance, Cali, Valle del Cauca",12000,4,https://drive.google.com/file/d/1I-fyIW2AHTJzxPhnF9JTzHW6yfJ3YWmK/view,https://wa.me/573197024264,,https://instagram.com/bomberry.co/,3.3382619,-76.5351225,true,10
place,442,,cafe-gardenia,,Cafe Gardenia,"Cafe, pasteleria y brunch para parche suave y mesa larga.",Restaurantes,Cali,0,true,false,,,,,,,,,,,,,
branch,442,528,cafe-gardenia,cafe-gardenia-granada,,,,,,,,Granada,,Lun-Sab 08:00-20:00 · Dom-Fest 08:00-19:00,"Calle 20N#8N-40, Santa Monica Residential, Cali, Valle del Cauca, Colombia",20000,4,https://menupp.co/cafegardenia/venue/drS8Lo1fStnmA19QdNuF/menu/d7d2da4a-c0f3-46ce-9947-abf122da2de6,https://api.whatsapp.com/send/?phone=573107794126&text=%C2%A1Hola%21%20Quisiera%20hacer%20una%20reserva%20para%3A%0AFecha%3A%0AHora%3A%20%20%0AGracias%20%E2%98%BA%EF%B8%8F%E2%9C%A8,,https://instagram.com/cafegardenia.cali/,3.4623639,-76.5323658,true,10
branch,442,1841,cafe-gardenia,cafe-gardenia-santa-monica,,,,,,,,Santa Monica Residencial,,Lun-Sab 08:00-20:00 · Dom 08:00-19:00,"Calle 20 Norte #8N-40, Santa Monica Residencial, Cali",10000,1,,https://wa.me/573107794126,,https://instagram.com/cafegardenia.cali/,,,true,10
branch,442,529,cafe-gardenia,cafe-gardenia-rio,,,,,,,,El Peñon,Bulevar del Río,Lun-Mie 08:00-20:00 · Jue-Sab 08:00-21:00 · Dom 08:00-20:00,"Casa Obeso Mejía - Plazoleta Torrelavega, Av. 4 Oe. #4 -59, Normandia Sebastian de Belalcazar, Cali, Valle del Cauca, Colombia",20000,4,https://menupp.co/cafegardenia/venue/drS8Lo1fStnmA19QdNuF/menu/f6fc58ed-61b0-4dee-8008-671c367ea3f3,https://api.whatsapp.com/send?phone=573004434075&text=Hola!%20Quiero%20hacer%20un%20reserva%20en%20Caf%C3%A9%20Gardenia%20R%C3%ADo,,https://instagram.com/cafegardenia.cali/,3.451047,-76.5454095,true,20
place,949,,kyomu-sushi,,Kyomu Sushi,"Sushi para plan casual de noche con sedes en Fusion Plaza y Lago Verde, Cali.",Restaurantes,Cali,0,true,false,,,,,,,,,,,,,
branch,949,1179,kyomu-sushi,kyomu-sushi-fusion-plaza,,,,,,,,Valle del Lili,Fusion Plaza,Mar-Jue 17:30-23:15 · Vie-Sáb 17:30-23:59 · Dom 17:30-23:15,Fusion Plaza,30600,6,https://www.rappi.com.co/restaurantes/900427619-kyomu-sushi,,,,,,true,10
branch,949,1180,kyomu-sushi,kyomu-sushi-lago-verde,,,,,,,,Pance,Lago Verde,Mar-Jue 17:30-23:15 · Vie-Sáb 17:30-23:59 · Dom 17:30-23:15,Lago Verde,30600,6,,,,,,,true,20
place,950,,local-burger,,Local Burger,Hamburguesas artesanales de plan casual con varias sedes en Cali.,Restaurantes,Cali,0,true,false,,,,,,,,,,,,,
branch,950,1181,local-burger,local-burger-granada,,,,,,,,Juanambú,Granada,Lun-Jue 12:00-21:30 · Vie-Sáb 12:00-22:30 · Dom 12:00-21:30,"Av 9 Norte # 9-31, Juanambú, Cali",25000,6,https://menupp.co/localburger,3207745257,3174233636,@localburgercali,,,true,10
branch,950,1182,local-burger,local-burger-pance,,,,,,,,Pance,Carulla Pance,Lun-Jue 12:00-22:00 · Vie-Sáb 12:00-23:00 · Dom 12:00-22:00,"Calle 18 # 121-451, Carulla Pance, Cali",21650,6,https://menupp.co/localburger,3207745257,,@localburgercali,,,true,20
branch,950,1183,local-burger,local-burger-carrera-70,,,,,,,,La Hacienda,Canchas Morumbi,Lun-Jue 17:00-22:00 · Vie-Sáb 17:00-23:00 · Dom 17:00-22:00,"Carrera 70 # 13A-11, Canchas Morumbi, Cali",22000,6,https://menupp.co/localburger,3207745257,,@localburgercali,,,true,30
branch,950,1184,local-burger,local-burger-la-flora,,,,,,,,La Flora,,Lun-Jue 12:00-22:00 · Vie-Sáb 12:00-23:00 · Dom 12:00-22:00,"Calle 52 Norte # 4B-75, La Flora, Cali",24000,6,https://menupp.co/localburger,3207745257,,@localburgercali,,,true,40
place,987,,ultimate-padel,,Ultimate Padel,Padel para jugar en parche y reservar cancha en Pance.,Deporte y bienestar,Cali,0,true,false,,,,,,,,,,,,,
branch,987,1234,ultimate-padel,ultimate-padel-pance,,,,,,,,Pance,,,"Cra. 125 #19-59, Pance, Cali",0,4,,,,https://instagram.com/ultimate.padelclub/,3.3355739,-76.5508478,true,10
place,1355,,cuuc,,Cuuc,"Restaurante casual en Marbella Plaza con bebidas, pandebonos, pizzas y rollos.",Restaurantes,Cali,0,true,false,,,,,,,,,,,,,
branch,1355,1724,cuuc,cuuc-marbella-plaza,,,,,,,,Pance,Marbella Plaza,Lun-Jue 14:00-22:00 · Vie-Sab 15:00-23:00 · Dom 14:00-22:00,"Calle 16A #122-31, Marbella Plaza, Pance-Cali",19000,6,,, ,https://instagram.com/cuuc_deli/,3.339362,-76.5355632,true,10
place,1517,,agave-azul-cocina-bar,,Agave Azul,Cocina mexicana y cocteleria de autor en Lago Verde para tardeo o noche.,Restaurantes,Cali,0,true,false,,,,,,,,,,,,,
branch,1517,1931,agave-azul-cocina-bar,agave-azul-cocina-bar-lago-verde,,,,,,,,Pance,Lago Verde,Lun-Jue 17:00-22:00 · Vie-Sab 17:00-02:00 · Dom 15:00-21:00,"Cl. 16A #122-70, Lago Verde, Pance, Cali",28000,6,https://drive.google.com/file/d/1tmuCUf5brKCmAJrVvrtV-7QKQiSZd4J4/view,,,https://instagram.com/agaveazul.cocinabar/,3.3452491,-76.5344544,true,10
place,1518,,vinciatti,,Vinciatti,"Gelato italiano, tarta vasca, brownies y cafe para parche dulce en Lago Verde.",Restaurantes,Cali,0,true,false,,,,,,,,,,,,,
branch,1518,1932,vinciatti,vinciatti-lago-verde,,,,,,,,Pance,Lago Verde,Lun-Mie 14:00-21:00 · Mar-Jue 13:00-21:00 · Vie-Sab 14:30-23:30 · Dom 13:30-22:30,"Cl. 16A #122-70, Lago Verde, Pance, Cali",15000,4,,,,https://instagram.com/vinciatti/,3.3452491,-76.5344544,true,10
place,1519,,renata-tacos,,Renata Tacos,"Taqueria mexicana para tacos, gringas y antojo casual en Cali.",Restaurantes,Cali,0,true,false,,,,,,,,,,,,,
branch,1519,1933,renata-tacos,renata-tacos-lago-verde,,,,,,,,Pance,Lago Verde,Lun-Mar 12:00-21:00 · Mie Cerrado · Jue-Sab 12:00-23:00 · Dom 12:00-22:00 · Festivos 12:00-22:00,Calle 16a #122-70 Parque comercial lago verde burbuja 14,8900,4,https://www.renatatacos.com/menus/MENU-RENATA.pdf,,,https://instagram.com/renatatacos/,3.3452491,-76.5344544,true,10
branch,1519,2788,renata-tacos,renata-tacos-parque-del-perro,,,,,,,,San Fernando,Parque del Perro,Lun-Mar 12:00-21:00 · Mie-Jue 12:00-22:00 · Vie-Sab 12:00-23:00 · Dom 12:00-22:00 · Festivos 12:00-22:00,Carreraa. 34 #3a-83,8900,4,https://www.renatatacos.com/menus/MENU-RENATA.pdf,,,https://instagram.com/renatatacos/,,,true,10
place,1520,,la-gaucha-angus,,La Gaucha Angus,Hamburgueseria para parche casual y noche ligera en Lago Verde.,Restaurantes,Cali,0,true,false,,,,,,,,,,,,,
branch,1520,1934,la-gaucha-angus,la-gaucha-angus-lago-verde,,,,,,,,Pance,Lago Verde,Abiertos hasta las 00:00,"Cl. 16A #122-70, Lago Verde, Pance, Cali",30500,4,,https://api.whatsapp.com/send?phone=573022125129&fbclid=PAZXh0bgNhZW0CMTEAc3J0YwZhcHBfaWQMMjU2MjgxMDQwNTU4AAGnxIPqwVYO9FUESZ9gLN5xiC2vhyB5rZDz7VLMGQX5G9mjfYA_GHOOQkBJhhg_aem_4iAOjdDm-uLB4FmrosSdBA,,https://instagram.com/lagauchangus/,3.3452491,-76.5344544,true,10
place,1521,,panaderia-le-croissant,,Le Croissant,"Panaderia y desayunos para cafe, antojo salado y parche suave en Lago Verde.",Restaurantes,Cali,0,true,false,,,,,,,,,,,,,
branch,1521,1935,panaderia-le-croissant,panaderia-le-croissant-lago-verde,,,,,,,,Pance,Lago Verde,Lun-Dom 06:30-22:00,"Cl. 16A #122-70, Lago Verde, Pance, Cali",12000,4,,,,https://instagram.com/lecroissant.panaderia/,3.3452491,-76.5344544,true,10
branch,1521,2574,panaderia-le-croissant,panaderia-le-croissant-pronta-plaza-natura,,,,,,,,Alfaguara,Pronta Plaza Natura,Lun-Dom 06:30-22:00,"Pronta Plaza Natura, Parque Natura, Avenida Cañasgordas, Jamundí, Valle del Cauca, Colombia",12000,4,,,,https://instagram.com/lecroissant.panaderia/,,,true,10
place,1522,,cafe-milagro-de-junio,,Milagro de Junio,"Cafe de especialidad para brunch, bebidas y parche suave dentro de Lago Verde.",Restaurantes,Cali,0,true,false,,,,,,,,,,,,,
branch,1522,1936,cafe-milagro-de-junio,cafe-milagro-de-junio-lago-verde,,,,,,,,Pance,Lago Verde,Lun 08:30-20:30 · Mar-Jue 08:30-21:00 · Vie-Dom-Fest 08:30-22:00,"Cl. 16A #122-70, Parque Comercial Lago Verde, Pance, Cali, Valle del Cauca, Colombia",8500,4,https://drive.google.com/file/d/1qNRsLbUv63L-j3-4HKGHSNxhZSuIdgSz/view?fbclid=PAZXh0bgNhZW0CMTEAc3J0YwZhcHBfaWQMMjU2MjgxMDQwNTU4AAGneZaOIqWc3L1Xqb1QQ49b1zjJaPafh4TI6kP9KqdjiSd7bwJ804AhpF1sdrA_aem_INDPEt0bia18XlhUGF2wnw,,3127277212,https://instagram.com/milagrodejuniocafe/,3.3452491,-76.5344544,true,10
place,1523,,artesapan-gourmet,,Artesapan Gourmet,"Panaderia y cafe para desayunos, hojaldres y bebidas en Lago Verde.",Restaurantes,Cali,0,true,false,,,,,,,,,,,,,
branch,1523,1937,artesapan-gourmet,artesapan-gourmet-lago-verde,,,,,,,,Pance,Lago Verde,Lun-Dom 07:30-19:30,"Parque Comercial Lago Verde, Calle 16A, Barrio Pance, Cali, Valle del Cauca, Colombia",8000,4,https://menupp.co/artesapan,,,https://instagram.com/artesapangourmet/,3.3452491,-76.5344544,true,10
place,1524,,nami-reposteria,,Nami Reposteria,Postres y pavlovas para parche dulce en Lago Verde.,Restaurantes,Cali,0,true,false,,,,,,,,,,,,,
branch,1524,1938,nami-reposteria,nami-reposteria-lago-verde,,,,,,,,Pance,Lago Verde,,"Calle 16A #122-70, Barrio Pance, Cali, Valle del Cauca, Colombia",18800,4,https://www.canva.com/design/DAGzthjmFpc/TLgFbdXMvdnZmItyvNjKJw/view?utm_content=DAGzthjmFpc&utm_campaign=designshare&utm_medium=link&utm_source=viewer,https://api.whatsapp.com/send?phone=573205478955,,https://instagram.com/nami.reposteria/,3.3452491,-76.5344544,true,10
place,1525,,rainbow-bakery,,Rainbow Bakery,"Bakery de galletas, brownies y antojos dulces en Lago Verde.",Restaurantes,Cali,0,true,false,,,,,,,,,,,,,
branch,1525,1939,rainbow-bakery,rainbow-bakery-lago-verde,,,,,,,,Pance,Lago Verde,Lun 13:00-19:30 · Mar 15:00-19:30 · Mie 14:00-19:00 · Jue 12:00-20:30 · Vie 12:00-22:30 · Sab 14:00-22:30 · Dom 15:00-21:30,"Lago Verde Parque Comercial, burbuja 5, Calle 16A #122-70, barrio Pance, Cali, Valle del Cauca, Colombia",10500,4,https://www.rappi.com.co/restaurantes/900405175-rainbow-bakery,https://api.whatsapp.com/send?phone=573104663069,,https://instagram.com/rainbow.bakery4/,3.3452491,-76.5344544,true,10
place,1526,,t4,,T4,Bebidas a base de te y plan fresco para tardear en Cali.,Restaurantes,Cali,0,true,false,,,,,,,,,,,,,
branch,1526,2011,t4,t4-mallplaza,,,,,,,,Sur,Mallplaza,Lun-Dom 12:00-21:00,"CL 3 #52-253 Centro Comercial Mallplaza, Local 348, 2do piso, Cali, Valle del Cauca, Colombia",18150,4,https://t4colombia.com/menu/,,,https://instagram.com/t4colombia/,3.4126349,-76.5487125,true,10
branch,1526,1940,t4,t4-lago-verde,,,,,,,,Pance,Lago Verde,Lun-Dom 12:00-21:00,"Cl. 16A #122-70, Barrio Pance, Cali, Valle del Cauca, Colombia",18150,4,https://t4colombia.com/menu/,,,https://instagram.com/t4colombia/,3.3452491,-76.5344544,true,10