seed_id,brand_name,branch_name,type,category_primary,category_secondary,barrio,address,city,hours,instagram,whatsapp,menu_url,price_min_cop,price_max_cop,min_group_size,max_group_size,group_estimate_method,tags,moods,latitude,longitude,geo_status,source_primary,source_secondary,validation_status,notes
1,Museo La Tertulia,Sede El Peñon,place,Arte y cultura,Museo,El Peñon,"Carrera 1 Oeste #5-105",Cali,"Mar-Sab 10:00-19:00; Dom 14:00-18:00",@museolatertulia,,https://www.museolatertulia.com/,,,1,4,editorial_estimate,"museo,arte,cine,jardines","cultura,plan tranqui,hablar",,,pending_geocode,https://archivo.museolatertulia.com/horarios/,https://www.vivecali.com/venue/museo-la-tertulia-cali/,ready_for_review,Direccion y horarios consistentes; Instagram oficial identificado; falta geocodificacion
2,Museo del Oro Calima,Sede Centro,place,Arte y cultura,Museo,Centro,"Calle 7 #4-69",Cali,"Lun-Sab 09:00-17:00",@banrep_cultural,,https://www.banrepcultural.org/cali,,,1,4,editorial_estimate,"museo,oro,prehispanico,historia","cultura,aprender,plan tranqui",,,pending_geocode,https://www.vivecali.com/venue/museo-del-oro-calima-cali/,,ready_for_review,Entrada gratuita segun fuente; falta validar telefono en fuente oficial directa
3,Museo Caliwood,Sede Arboleda,place,Cine,Museo,Arboleda,"Avenida Belalcazar (Carrera 2 Oeste) #5A-55 Oeste",Cali,"Lun-Vie 08:00-12:00 y 14:00-18:00; Sab 15:00-18:00; Dom 10:00-17:00",@museocaliwood,3104732282,https://www.caliwood.com.co,20000,20000,1,4,editorial_estimate,"cine,museo,coleccion,historia","cultura,plan tranqui,aprender",,,pending_geocode,https://www.caliwood.com.co/,https://www.vivecali.com/venue/museo-caliwood-cali/,ready_for_review,Registro bastante solido con sitio oficial; falta geocodificacion
4,Teatro Municipal Enrique Buenaventura,Sede Centro Historico,place,Arte y cultura,Teatro,Centro,"Calle 7 #6-59",Cali,"Segun programacion oficial",,6028839106,, , ,1,4,editorial_estimate,"teatro,cultura,arquitectura,shows","cultura,algo especial,hablar",,,pending_geocode,https://www.vivecali.com/venue/teatro-municipal-enrique/,https://www.vivecali.com/venue/teatro-municipal-enrique/?lang=en,ready_for_review,Direccion reportada ligeramente distinta entre snippet y detalle; validar direccion final exacta
5,Fundacion Escenica Cali Teatro,Sede San Antonio,place,Arte y cultura,Teatro,San Antonio,"Cra. 12 #4-51",Cali,,,[email protected],, , ,1,4,editorial_estimate,"teatro,independiente,cultura,talleres","cultura,hablar,algo especial",,,pending_geocode,https://www.vivecali.com/venue/fundacion-escenica-cali-teatro/,,ready_for_review,Falta horario regular; aforo en fuente sugiere plan pequeno-mediano
6,Zoologico de Cali,Sede Oeste,place,Familiar,Zoologico,Oeste,"Carrera 2a Oeste, Bosque Municipal",Cali,"Lun-Dom 09:00-16:30",@zoologicodecali,,https://www.zoologicodecali.com.co/visita,27500,40000,2,6,editorial_estimate,"zoo,familiar,animales,turismo","familia,caminar,algo especial",,,pending_geocode,https://www.zoologicodecali.com.co/visita,https://www.policia.gov.co/bienestar/alianzas-bienestar/zoologico-cali,ready_for_review,Fuente principal ya oficial para tarifas y horarios; falta geocodificacion
7,Ecoparque Cristo Rey,Sede Los Cristales,place,Naturaleza y aire libre,Mirador,Los Cristales,"Cerro Los Cristales",Cali,"Turnos 09:00 / 12:00 / 15:00 con registro",,,,0,0,1,5,editorial_estimate,"mirador,naturaleza,turismo,aire libre","caminar,al aire libre,algo especial",,,pending_geocode,https://www.vivecali.com/venue/cristo-rey-cali/?lang=en,https://www.tropicanafm.com/2025/como-entrar-al-ecoparque-cristo-rey-de-cali-entrada-gratis-horarios-y-link-de-reserva-452330.html,ready_for_review,Entrada gratuita con reserva; falta link oficial de reservas en semilla
8,Parque del Perro,Sector San Fernando,place,Familiar,Lugar turistico,San Fernando,"Cra. 34 3-2 a 3-166",Cali,"24 horas",,,,0,0,1,6,editorial_estimate,"parque,gastronomia,barrio,paseo","salir un rato,hablar,con amigos",,,pending_geocode,https://www.vivecali.com/venue/parque-del-perro/,,ready_for_review,Es un sector/cluster mas que un negocio puntual; sirve como POI turistico
9,Parque de las Novias del Gato del Rio,Sector Rio Cali,place,Arte y cultura,Arte publico,El Peñon,"Ribera del rio Cali",Cali,"24 horas",,,,0,0,1,4,editorial_estimate,"arte publico,gato del rio,paseo,turismo","caminar,cultura,plan tranqui",,,pending_geocode,https://www.vivecali.com/venue/parque-de-las-novias-del-gato/?lang=en,,ready_for_review,POI urbano; ideal para categoria arte y cultura / turismo
10,Dulcinea Cafe Vintage,Sede Miraflores,place,Restaurantes,Cafe y brunch,Miraflores,"Cra. 26A #3-54",Cali,"Lun 12:00-21:00; Mar-Vie 09:00-21:00; Sab 08:00-22:00; Dom 08:00-20:00",@dulcinea_cafe_vintage,6025560262,http://dulcinea-cafe-vintage.cluvi.co,20000,40000,1,4,editorial_estimate,"cafe,brunch,petfriendly,vegano","brunch,chill,hablar",,,pending_geocode,https://www.waze.com/live-map/directions/co/valle-del-cauca/cali/dulcinea-cafe-vintage.?to=place.ChIJYw2hnoSmMI4R5AFoNJUPu4o,https://www.vivecali.com/venue/dulcinea-cafe-vintage-cali-mas-que-cafe-un-estilo-de-vida-saludable/,ready_for_review,Direccion y telefono consistentes; el barrio operativo se deja como Miraflores por la direccion; falta geocodificacion
11,Cafe Valparaiso,Sede Pance,place,Restaurantes,Cafe y brunch,Pance,"Cra. 125 #23A-58, Mall La Maria",Cali,"Lun 08:30-15:30; Mar-Jue 07:30-21:00; Vie-Sab 07:30-22:00; Dom 07:30-20:00",@cafevalparaiso,6024874758,, , ,1,4,editorial_estimate,"cafe,brunch,literario,pance","brunch,chill,hablar",,,pending_geocode,https://www.waze.com/es/live-map/directions/co/valle-del-cauca/cali/cafe-valparaiso-pance?to=place.ChIJq4k_9LKgMI4RbFDPOgPV5xQ,https://www.vivecali.com/venue/cafe-valparaiso-pance-cali/?lang=en,ready_for_review,Telefono, barrio y horarios reforzados con Waze; falta menu_url y geocodificacion
12,Pulguero Coffee Shop,Sede San Antonio,place,Restaurantes,Cafe y brunch,San Antonio,"Calle 6 #3-75",Cali,"Lun-Sab 09:00-20:00",,3155874199,, , ,1,4,editorial_estimate,"cafe,brunch,vintage,petfriendly","brunch,chill,hablar",,,pending_geocode,https://www.vivecali.com/venue/pulguero-coffee-shop-cali/?lang=en,,ready_for_review,Fuente menciona pet friendly y brunch; falta Instagram oficial
13,Cookie Cat – Coffee and Pet Shop,Sede San Antonio,place,Pet friendly,Cafe tematico,San Antonio,"Calle 3 #10-18",Cali,"Lun cerrado; Mar-Vie 14:00-20:00; Sab-Dom 14:00-21:00",,,,"",,1,4,editorial_estimate,"petfriendly,cafe,gatos,adopcion","chill,amigos,familia",,,pending_geocode,https://www.vivecali.com/venue/cookie-cat-coffee-and-pet-shop/,https://www.vivecali.com/venue/cookie-cat-coffee-and-pet-shop-en-cali/?lang=en,ready_for_review,Hay inconsistencia de direccion entre snippets de la misma marca; validar sede exacta antes de sembrar
14,Tarantella Coffee & Drinks,Sede Boulevard del Rio,place,Restaurantes,Cafe y after work,San Pedro,"Av. 9A #10N-50",Cali,"Lun-Vie 08:00-20:30; Sab 15:30-20:30; Dom 14:00-21:00",@tarantella.coffee,3224359458,https://tarantella.cluvi.co, , ,1,5,editorial_estimate,"cafe,afterwork,cocteles,postres","tomar algo,chill,amigos",,,pending_geocode,https://www.vivecali.com/venue/tarantella-coffee-drinks-cali/,https://es.restaurantguru.com/Tarantella-coffee-and-Drinks-Cali,ready_for_review,Se prioriza la sede con direccion consistente en fuentes; quedan otras sedes para otra tanda
15,El Tertuliadero Finisterra,Sede Loma de la Cruz,place,Vida nocturna,Cafe bar,Loma de la Cruz,"Cra. 16 #3-40",Cali,"Mie-Sab 17:00-01:00; Dom 16:00-00:00",,3177182829,, , ,2,6,editorial_estimate,"cafe bar,musica,cultural,san antonio","hablar,tomar algo,con amigos",,,pending_geocode,https://www.vivecali.com/venue/el-tertuliadero-finisterra-cali/,,ready_for_review,Buen hibrido entre cultural, cafe y noche
16,El Toro Enamorao,Sede Granada,place,Restaurantes,Restaurante show,Granada,"Cl. 17 Nte. #9-38",Cali,"Lun-Mie 12:00-22:00; Jue 12:00-23:00; Vie-Sab 12:00-00:00; Dom 12:00-17:00",@eltoroenamorao,3160276332,, , ,2,8,editorial_estimate,"restaurante,shows,mediterraneo,granada","algo especial,amigos,tomar algo",,,pending_geocode,https://www.vivecali.com/venue/el-toro-enamorao-cali/?lang=en,https://www.tripadvisor.com/Restaurant_Review-g297475-d28491056-Reviews-El_Toro_Enamorao-Cali_Valle_del_Cauca_Department.html,ready_for_review,Horario y contacto reforzados; falta menu_url oficial y geocodificacion
17,SAGAN Cali,Sede El Peñon,place,Vida nocturna,Bar discoteca rooftop,El Peñon,"Carrera 2 Oeste #2-39",Cali,"Vie-Sab 22:00-04:00; eventos privados bajo reserva",@sagancali,"+57 315 304 4792",, , ,2,8,editorial_estimate,"rooftop,discoteca,urbano,cocteles","bailar,tomar algo,con amigos",,,pending_geocode,https://www.vivecali.com/venue/sagan-cali-bar-discoteca/,https://www.vivecali.com/venue/sagan-cali-bar-discoteca/?lang=en,ready_for_review,Direccion y horario consistentes entre las dos variantes de la ficha; falta geocodificacion
18,Tiendavieja,Sede Autopista Sur,place,Vida nocturna,Viejoteca y restaurante,Autopista Sur,"Autopista Sur con Carrera 43 esquina",Cali,"Domingos desde 15:00; otras franjas por validar",,,,"",,2,8,editorial_estimate,"viejoteca,salsa,tradicional,restaurante","bailar,con amigos,familia",,,pending_geocode,https://www.vivecali.com/venue/tiendavieja-cali/,,ready_for_review,Revisar horario semanal exacto antes de sembrar definitivo
19,Local Burger,Sede Granada,place,Restaurantes,Hamburguesas,Granada,"Av 9 Norte #9-31",Cali,"Mar-Jue 17:00-22:00; Vie 12:00-23:00; Sab 17:00-23:00; Dom 17:00-22:00",@localburgercali,3174233636,https://www.localburger.com.co/shop,23000,31900,1,6,editorial_estimate,"burger,casual,delivery,fast casual","tengo hambre,algo rico,amigos",,,pending_geocode,https://www.localburger.com.co/page/contactus,https://www.localburger.com.co/shop/product/local-burger-16,ready_for_review,Sede principal bien respaldada por sitio oficial; falta geocodificacion
20,Local Burger,Sede Hacienda / Comuna 17,place,Restaurantes,Hamburguesas,Comuna 17,"Carrera 70 #13A1-11",Cali,"Lun-Dom 17:00-22:30 aprox.",@localburgercali,,,22000,30000,1,6,editorial_estimate,"burger,casual,sur,delivery","tengo hambre,algo rico,amigos",,,pending_geocode,https://www.rappi.com.co/restaurantes/900049644-local-burger/ubicacion,https://es.restaurantguru.com/Local-Burger-La-hacienda-Cali,ready_for_review,Queda como segunda sede tentativa de la marca; falta validar nombre comercial exacto, menu_url y geocodificacion
